{"accuracy": [0.23167358338832855, 0.29806363582611084, 0.36376211047172546, 0.40041494369506836, 0.4177040159702301], "loss": [2.907797336578369, 1.9968645572662354, 1.713213562965393, 1.4724372625350952, 1.3545823097229004], "val_accuracy": [0.14325842261314392, 0.1825842708349228, 0.07584269344806671, 0.12921348214149475, 0.13483145833015442], "val_loss": [3.9200000762939453, 5.749077320098877, 7.240636348724365, 8.041547775268555, 8.416528701782227], "learning_rate": [0.0010000000474974513, 0.0010000000474974513, 0.0010000000474974513, 0.00020000000949949026, 0.00020000000949949026]}